patient_id,visit_id,visit_date,visit_time,age_years,sex,t1d_duration_years,weight_kg,height_cm,bmi,systolic_bp_mmHg,diastolic_bp_mmHg,heart_rate_bpm,hba1c_percent,fasting_glucose_mg_dL,random_glucose_mg_dL,hdl_mg_dL,ldl_mg_dL,triglycerides_mg_dL,total_cholesterol_mg_dL,serum_creatinine_mg_dL,uacr_mg_g,bnp_pg_mL,smoking_status,hypertension_status,dyslipidemia,known_ascvd,known_cad,ecg_abnormality,cardiovascular_symptoms,clinical_action,egfr_mL_min_1_73m2,hypertension_signal,albuminuria_signal,ckd_signal,natriuretic_peptide_signal,coronary_investigation_signal
P001,V001,2026-01-12,09:10,29,M,13.6,68.2,172,22.9,118,74,72,5.8,126,8.1,52,112,48,96,0.72,8.5,42,No,None,No,No,No,Normal,No symptoms,None,112,negative,negative,negative,normal,
P001,V002,2026-02-23,09:25,29,M,13.7,68.5,172,23.1,121,76,70,5.9,132,7.9,50,118,46,94,0.74,9.0,40,No,None,No,No,No,Normal,No symptoms,None,118,negative,negative,negative,normal,
P001,V003,2026-04-06,09:05,29,M,13.8,68.0,172,23.0,124,78,71,6.0,138,8.0,51,121,47,95,0.75,8.8,43,No,None,No,No,No,Normal,No symptoms,None,121,negative,negative,negative,normal,
P001,V004,2026-06-01,09:20,30,M,13.9,68.7,172,23.2,119,75,69,5.9,130,7.7,52,115,49,93,0.73,8.2,41,No,None,No,No,No,Normal,No symptoms,None,115,negative,negative,negative,normal,
P001,V005,2026-08-10,09:15,30,M,14.1,69.1,172,23.3,122,77,70,6.1,135,7.8,50,117,48,94,0.76,8.7,44,No,None,No,No,No,Normal,No symptoms,None,117,negative,negative,negative,normal,
P002,V001,2026-01-08,10:05,35,F,17.3,78.5,164,29.2,132,84,78,7.2,156,8.9,44,178,54,132,1.32,36.0,78,No,Hypertension,No,No,No,Normal,Occasional headache,None,72,positive,positive,negative,abnormal,
P002,V002,2026-02-19,10:20,35,F,17.4,79.0,164,29.4,138,88,82,7.4,162,9.1,43,185,55,130,1.35,41.0,82,No,Hypertension,No,No,No,Normal,Occasional headache,None,69,positive,positive,negative,abnormal,
P002,V003,2026-04-02,10:10,35,F,17.5,79.4,164,29.5,142,91,85,7.6,171,9.3,42,191,56,128,1.38,48.0,86,No,Hypertension,No,No,No,Normal,Occasional headache,None,66,positive,positive,negative,abnormal,
P002,V004,2026-05-21,10:00,35,F,17.7,80.1,164,29.8,136,87,83,7.5,165,9.0,44,182,55,129,1.37,53.0,84,No,Hypertension,No,No,No,Normal,No symptoms,None,64,positive,positive,negative,abnormal,
P002,V005,2026-07-30,10:15,35,F,17.9,80.4,164,29.9,130,82,80,7.3,158,8.8,45,175,54,131,1.34,46.0,80,No,Hypertension,No,No,No,Normal,No symptoms,None,67,positive,positive,negative,abnormal,
P003,V001,2026-01-15,08:40,42,M,25.8,91.0,177,29.0,146,92,88,8.9,214,11.2,37,164,62,148,1.08,18.0,138,Yes,Hypertension,Yes,No,No,Normal,Exertional fatigue,None,82,positive,negative,negative,abnormal,
P003,V002,2026-02-26,08:55,42,M,25.9,91.5,177,29.2,150,94,91,9.1,226,11.5,35,172,63,150,1.1,21.0,146,Yes,Hypertension,Yes,No,No,Normal,Exertional fatigue,None,79,positive,negative,negative,abnormal,
P003,V003,2026-04-09,09:00,42,M,26.0,92.2,177,29.4,154,96,93,9.3,238,11.8,34,181,65,152,1.13,27.0,158,Yes,Hypertension,Yes,No,No,Borderline ST-T changes,Exertional dyspnea,None,76,positive,negative,negative,abnormal,consider
P003,V004,2026-06-04,08:45,42,M,26.2,92.8,177,29.6,158,98,96,9.5,246,12.1,33,188,66,154,1.15,39.0,172,Yes,Hypertension,Yes,No,No,Abnormal ST-T changes,Exertional dyspnea,Cardiology referral,72,positive,positive,negative,abnormal,consider
P003,V005,2026-08-13,08:50,42,M,26.3,93.1,177,29.7,162,100,98,9.7,258,12.4,31,195,67,156,1.18,47.0,185,Yes,Hypertension,Yes,No,No,Abnormal ST-T changes,Dyspnea + reduced exercise tolerance,Echocardiography ordered,68,positive,positive,negative,abnormal,consider
P004,V001,2026-01-20,11:30,51,F,31.0,86.0,160,33.6,128,79,74,7.0,148,9.4,39,142,47,118,0.98,112.0,92,Former,Hypertension,Yes,Yes,Yes,Old inferior Q waves,Stable exertional chest pressure,Secondary prevention,70,negative,positive,negative,abnormal,consider
P004,V002,2026-03-03,11:20,51,F,31.1,85.4,160,33.4,124,77,70,6.8,139,9.0,40,134,48,120,0.96,98.0,88,Former,Hypertension,Yes,Yes,Yes,Old inferior Q waves,Stable exertional chest pressure,Secondary prevention,72,negative,positive,negative,abnormal,consider
P004,V003,2026-04-14,11:40,51,F,31.2,85.0,160,33.2,126,78,72,6.9,145,9.2,39,138,47,119,0.97,105.0,90,Former,Hypertension,Yes,Yes,Yes,Old inferior Q waves,Intermittent chest pressure,Secondary prevention,71,negative,positive,negative,abnormal,consider
P004,V004,2026-06-16,11:25,51,F,31.4,84.8,160,33.1,122,76,68,6.7,136,8.8,41,129,49,121,0.95,91.0,86,Former,Hypertension,Yes,Yes,Yes,Old inferior Q waves,No acute symptoms,Secondary prevention,74,negative,positive,negative,abnormal,consider
P004,V005,2026-08-25,11:35,51,F,31.5,84.5,160,33.0,120,75,67,6.6,132,8.6,42,124,50,122,0.94,88.0,83,Former,Hypertension,Yes,Yes,Yes,Old inferior Q waves,No acute symptoms,Secondary prevention,76,negative,positive,negative,abnormal,consider
